"Eğitim Seviyesi (_T)";"Eğitim Harcaması (1)";"Gözlem Sıklığı (A)";"Coğrafi Kapsam (TR)";"İstatistiksel Gösterge (E_EH)";"Zaman (2011)";"Gözlem";"Ölçü Birimi";"Ondalık Basamak Sayısı";"Birim Çarpanı";"Zaman Formatı";"Gizlilik Durumu";"Gözlem Durumu"
"Toplam";"Eğitim harcaması (Milyon TL)";"Yıllık";"Türkiye";"Eğitim Harcaması";"2011";"73106,760913";"";"";"";"";"";""
"Toplam";"Eğitim harcaması (Milyon TL)";"Yıllık";"Türkiye";"Eğitim Harcaması";"2012";"88886,420081";"";"";"";"";"";""
"Toplam";"Eğitim harcaması (Milyon TL)";"Yıllık";"Türkiye";"Eğitim Harcaması";"2013";"100650,524433";"";"";"";"";"";""
"Toplam";"Eğitim harcaması (Milyon TL)";"Yıllık";"Türkiye";"Eğitim Harcaması";"2014";"116586,342478";"";"";"";"";"";""
"Toplam";"Eğitim harcaması (Milyon TL)";"Yıllık";"Türkiye";"Eğitim Harcaması";"2015";"129891,503734";"";"";"";"";"";""
"Toplam";"Eğitim harcaması (Milyon TL)";"Yıllık";"Türkiye";"Eğitim Harcaması";"2016";"154996,225291";"";"";"";"";"";""
"Toplam";"Eğitim harcaması (Milyon TL)";"Yıllık";"Türkiye";"Eğitim Harcaması";"2017";"174490,35941";"";"";"";"";"";""
"Toplam";"Eğitim harcaması (Milyon TL)";"Yıllık";"Türkiye";"Eğitim Harcaması";"2018";"217856,812898";"";"";"";"";"";""
"Toplam";"Eğitim harcaması (Milyon TL)";"Yıllık";"Türkiye";"Eğitim Harcaması";"2019";"251923,50478";"";"";"";"";"";""
"Toplam";"Eğitim harcaması (Milyon TL)";"Yıllık";"Türkiye";"Eğitim Harcaması";"2020";"267595,748989174";"";"";"";"";"";""
"Toplam";"Eğitim harcaması (Milyon TL)";"Yıllık";"Türkiye";"Eğitim Harcaması";"2021";"347065,901123144";"";"";"";"";"";""
"Toplam";"Eğitim harcaması (Milyon TL)";"Yıllık";"Türkiye";"Eğitim Harcaması";"2022";"587437,921383";"";"";"";"";"";""
"Toplam";"Eğitim harcaması (Milyon TL)";"Yıllık";"Türkiye";"Eğitim Harcaması";"2023";"1130843,72875";"";"";"";"";"";""
"Toplam";"Eğitim harcaması (Milyon TL)";"Yıllık";"Türkiye";"Eğitim Harcaması";"2024";"2200337,972774";"";"";"";"";"";""
"Toplam";"Öğrenci başına yapılan harcama (TL)";"Yıllık";"Türkiye";"Eğitim Harcaması";"2011";"3790,40810121434";"";"";"";"";"";""
"Toplam";"Öğrenci başına yapılan harcama (TL)";"Yıllık";"Türkiye";"Eğitim Harcaması";"2012";"4517,78318556197";"";"";"";"";"";""
"Toplam";"Öğrenci başına yapılan harcama (TL)";"Yıllık";"Türkiye";"Eğitim Harcaması";"2013";"4975,94440945399";"";"";"";"";"";""
"Toplam";"Öğrenci başına yapılan harcama (TL)";"Yıllık";"Türkiye";"Eğitim Harcaması";"2014";"5642,72927703282";"";"";"";"";"";""
"Toplam";"Öğrenci başına yapılan harcama (TL)";"Yıllık";"Türkiye";"Eğitim Harcaması";"2015";"6171,16222406093";"";"";"";"";"";""
"Toplam";"Öğrenci başına yapılan harcama (TL)";"Yıllık";"Türkiye";"Eğitim Harcaması";"2016";"7230,23824630378";"";"";"";"";"";""
"Toplam";"Öğrenci başına yapılan harcama (TL)";"Yıllık";"Türkiye";"Eğitim Harcaması";"2017";"8021,18331862089";"";"";"";"";"";""
"Toplam";"Öğrenci başına yapılan harcama (TL)";"Yıllık";"Türkiye";"Eğitim Harcaması";"2018";"9936,53835631525";"";"";"";"";"";""
"Toplam";"Öğrenci başına yapılan harcama (TL)";"Yıllık";"Türkiye";"Eğitim Harcaması";"2019";"11437,2594679097";"";"";"";"";"";""
"Toplam";"Öğrenci başına yapılan harcama (TL)";"Yıllık";"Türkiye";"Eğitim Harcaması";"2020";"12159,6460100493";"";"";"";"";"";""
"Toplam";"Öğrenci başına yapılan harcama (TL)";"Yıllık";"Türkiye";"Eğitim Harcaması";"2021";"15622,4545691272";"";"";"";"";"";""
"Toplam";"Öğrenci başına yapılan harcama (TL)";"Yıllık";"Türkiye";"Eğitim Harcaması";"2022";"25142,9419823106";"";"";"";"";"";""
"Toplam";"Öğrenci başına yapılan harcama (TL)";"Yıllık";"Türkiye";"Eğitim Harcaması";"2023";"49044,6418029432";"";"";"";"";"";""
"Toplam";"Öğrenci başına yapılan harcama (TL)";"Yıllık";"Türkiye";"Eğitim Harcaması";"2024";"100307,170548076";"";"";"";"";"";""
"Toplam";"Öğrenci başına yapılan harcama ($)";"Yıllık";"Türkiye";"Eğitim Harcaması";"2011";"2258,80995695944";"";"";"";"";"";""
"Toplam";"Öğrenci başına yapılan harcama ($)";"Yıllık";"Türkiye";"Eğitim Harcaması";"2012";"2508,29107334571";"";"";"";"";"";""
"Toplam";"Öğrenci başına yapılan harcama ($)";"Yıllık";"Türkiye";"Eğitim Harcaması";"2013";"2611,45100968871";"";"";"";"";"";""
"Toplam";"Öğrenci başına yapılan harcama ($)";"Yıllık";"Türkiye";"Eğitim Harcaması";"2014";"2574,47177007985";"";"";"";"";"";""
"Toplam";"Öğrenci başına yapılan harcama ($)";"Yıllık";"Türkiye";"Eğitim Harcaması";"2015";"2264,71599984773";"";"";"";"";"";""
"Toplam";"Öğrenci başına yapılan harcama ($)";"Yıllık";"Türkiye";"Eğitim Harcaması";"2016";"2388,82993249457";"";"";"";"";"";""
"Toplam";"Öğrenci başına yapılan harcama ($)";"Yıllık";"Türkiye";"Eğitim Harcaması";"2017";"2195,02564784359";"";"";"";"";"";""
"Toplam";"Öğrenci başına yapılan harcama ($)";"Yıllık";"Türkiye";"Eğitim Harcaması";"2018";"2060,61652601621";"";"";"";"";"";""
"Toplam";"Öğrenci başına yapılan harcama ($)";"Yıllık";"Türkiye";"Eğitim Harcaması";"2019";"2013,23120706774";"";"";"";"";"";""
"Toplam";"Öğrenci başına yapılan harcama ($)";"Yıllık";"Türkiye";"Eğitim Harcaması";"2020";"1731,73284886091";"";"";"";"";"";""
"Toplam";"Öğrenci başına yapılan harcama ($)";"Yıllık";"Türkiye";"Eğitim Harcaması";"2021";"1755,06191579776";"";"";"";"";"";""
"Toplam";"Öğrenci başına yapılan harcama ($)";"Yıllık";"Türkiye";"Eğitim Harcaması";"2022";"1515,21847914198";"";"";"";"";"";""
"Toplam";"Öğrenci başına yapılan harcama ($)";"Yıllık";"Türkiye";"Eğitim Harcaması";"2023";"2061,86011464199";"";"";"";"";"";""
"Toplam";"Öğrenci başına yapılan harcama ($)";"Yıllık";"Türkiye";"Eğitim Harcaması";"2024";"3053,37714828619";"";"";"";"";"";""
"Okul öncesi eğitim";"Eğitim harcaması (Milyon TL)";"Yıllık";"Türkiye";"Eğitim Harcaması";"2011";"3983,880355";"";"";"";"";"";""
"Okul öncesi eğitim";"Eğitim harcaması (Milyon TL)";"Yıllık";"Türkiye";"Eğitim Harcaması";"2012";"4794,614176";"";"";"";"";"";""
"Okul öncesi eğitim";"Eğitim harcaması (Milyon TL)";"Yıllık";"Türkiye";"Eğitim Harcaması";"2013";"5121,735761";"";"";"";"";"";""
"Okul öncesi eğitim";"Eğitim harcaması (Milyon TL)";"Yıllık";"Türkiye";"Eğitim Harcaması";"2014";"6455,05549";"";"";"";"";"";""
"Okul öncesi eğitim";"Eğitim harcaması (Milyon TL)";"Yıllık";"Türkiye";"Eğitim Harcaması";"2015";"6949,842998";"";"";"";"";"";""
"Okul öncesi eğitim";"Eğitim harcaması (Milyon TL)";"Yıllık";"Türkiye";"Eğitim Harcaması";"2016";"8637,738638";"";"";"";"";"";""
"Okul öncesi eğitim";"Eğitim harcaması (Milyon TL)";"Yıllık";"Türkiye";"Eğitim Harcaması";"2017";"9806,645119";"";"";"";"";"";""
"Okul öncesi eğitim";"Eğitim harcaması (Milyon TL)";"Yıllık";"Türkiye";"Eğitim Harcaması";"2018";"13329,24029";"";"";"";"";"";""
"Okul öncesi eğitim";"Eğitim harcaması (Milyon TL)";"Yıllık";"Türkiye";"Eğitim Harcaması";"2019";"15493,541256";"";"";"";"";"";""
"Okul öncesi eğitim";"Eğitim harcaması (Milyon TL)";"Yıllık";"Türkiye";"Eğitim Harcaması";"2020";"13993,3292800487";"";"";"";"";"";""
"Okul öncesi eğitim";"Eğitim harcaması (Milyon TL)";"Yıllık";"Türkiye";"Eğitim Harcaması";"2021";"17660,1914417385";"";"";"";"";"";""
"Okul öncesi eğitim";"Eğitim harcaması (Milyon TL)";"Yıllık";"Türkiye";"Eğitim Harcaması";"2022";"37759,261895";"";"";"";"";"";""
"Okul öncesi eğitim";"Eğitim harcaması (Milyon TL)";"Yıllık";"Türkiye";"Eğitim Harcaması";"2023";"78246,923553";"";"";"";"";"";""
"Okul öncesi eğitim";"Eğitim harcaması (Milyon TL)";"Yıllık";"Türkiye";"Eğitim Harcaması";"2024";"144161,416374";"";"";"";"";"";""
"Okul öncesi eğitim";"Öğrenci başına yapılan harcama (TL)";"Yıllık";"Türkiye";"Eğitim Harcaması";"2011";"3406,31859868189";"";"";"";"";"";""
"Okul öncesi eğitim";"Öğrenci başına yapılan harcama (TL)";"Yıllık";"Türkiye";"Eğitim Harcaması";"2012";"4301,71428899546";"";"";"";"";"";""
"Okul öncesi eğitim";"Öğrenci başına yapılan harcama (TL)";"Yıllık";"Türkiye";"Eğitim Harcaması";"2013";"4800,71124022397";"";"";"";"";"";""
"Okul öncesi eğitim";"Öğrenci başına yapılan harcama (TL)";"Yıllık";"Türkiye";"Eğitim Harcaması";"2014";"5774,81362855036";"";"";"";"";"";""
"Okul öncesi eğitim";"Öğrenci başına yapılan harcama (TL)";"Yıllık";"Türkiye";"Eğitim Harcaması";"2015";"5849,40595457728";"";"";"";"";"";""
"Okul öncesi eğitim";"Öğrenci başına yapılan harcama (TL)";"Yıllık";"Türkiye";"Eğitim Harcaması";"2016";"6751,84027060706";"";"";"";"";"";""
"Okul öncesi eğitim";"Öğrenci başına yapılan harcama (TL)";"Yıllık";"Türkiye";"Eğitim Harcaması";"2017";"6852,51304169794";"";"";"";"";"";""
"Okul öncesi eğitim";"Öğrenci başına yapılan harcama (TL)";"Yıllık";"Türkiye";"Eğitim Harcaması";"2018";"8659,15749326165";"";"";"";"";"";""
"Okul öncesi eğitim";"Öğrenci başına yapılan harcama (TL)";"Yıllık";"Türkiye";"Eğitim Harcaması";"2019";"9660,77736455369";"";"";"";"";"";""
"Okul öncesi eğitim";"Öğrenci başına yapılan harcama (TL)";"Yıllık";"Türkiye";"Eğitim Harcaması";"2020";"10085,4524537918";"";"";"";"";"";""
"Okul öncesi eğitim";"Öğrenci başına yapılan harcama (TL)";"Yıllık";"Türkiye";"Eğitim Harcaması";"2021";"10891,974885906";"";"";"";"";"";""
"Okul öncesi eğitim";"Öğrenci başına yapılan harcama (TL)";"Yıllık";"Türkiye";"Eğitim Harcaması";"2022";"19001,1279599012";"";"";"";"";"";""
"Okul öncesi eğitim";"Öğrenci başına yapılan harcama (TL)";"Yıllık";"Türkiye";"Eğitim Harcaması";"2023";"39228,1774734476";"";"";"";"";"";""
"Okul öncesi eğitim";"Öğrenci başına yapılan harcama (TL)";"Yıllık";"Türkiye";"Eğitim Harcaması";"2024";"78929,0158158703";"";"";"";"";"";""
"Okul öncesi eğitim";"Öğrenci başına yapılan harcama ($)";"Yıllık";"Türkiye";"Eğitim Harcaması";"2011";"2029,92030457453";"";"";"";"";"";""
"Okul öncesi eğitim";"Öğrenci başına yapılan harcama ($)";"Yıllık";"Türkiye";"Eğitim Harcaması";"2012";"2388,3287683335";"";"";"";"";"";""
"Okul öncesi eğitim";"Öğrenci başına yapılan harcama ($)";"Yıllık";"Türkiye";"Eğitim Harcaması";"2013";"2519,48598776298";"";"";"";"";"";""
"Okul öncesi eğitim";"Öğrenci başına yapılan harcama ($)";"Yıllık";"Türkiye";"Eğitim Harcaması";"2014";"2634,7347062507";"";"";"";"";"";""
"Okul öncesi eğitim";"Öğrenci başına yapılan harcama ($)";"Yıllık";"Türkiye";"Eğitim Harcaması";"2015";"2146,63669078179";"";"";"";"";"";""
"Okul öncesi eğitim";"Öğrenci başına yapılan harcama ($)";"Yıllık";"Türkiye";"Eğitim Harcaması";"2016";"2230,76993985555";"";"";"";"";"";""
"Okul öncesi eğitim";"Öğrenci başına yapılan harcama ($)";"Yıllık";"Türkiye";"Eğitim Harcaması";"2017";"1875,21482569679";"";"";"";"";"";""
"Okul öncesi eğitim";"Öğrenci başına yapılan harcama ($)";"Yıllık";"Türkiye";"Eğitim Harcaması";"2018";"1795,71621344888";"";"";"";"";"";""
"Okul öncesi eğitim";"Öğrenci başına yapılan harcama ($)";"Yıllık";"Türkiye";"Eğitim Harcaması";"2019";"1700,52786940994";"";"";"";"";"";""
"Okul öncesi eğitim";"Öğrenci başına yapılan harcama ($)";"Yıllık";"Türkiye";"Eğitim Harcaması";"2020";"1436,333697167";"";"";"";"";"";""
"Okul öncesi eğitim";"Öğrenci başına yapılan harcama ($)";"Yıllık";"Türkiye";"Eğitim Harcaması";"2021";"1223,62911829848";"";"";"";"";"";""
"Okul öncesi eğitim";"Öğrenci başına yapılan harcama ($)";"Yıllık";"Türkiye";"Eğitim Harcaması";"2022";"1145,08716719148";"";"";"";"";"";""
"Okul öncesi eğitim";"Öğrenci başına yapılan harcama ($)";"Yıllık";"Türkiye";"Eğitim Harcaması";"2023";"1649,17127598932";"";"";"";"";"";""
"Okul öncesi eğitim";"Öğrenci başına yapılan harcama ($)";"Yıllık";"Türkiye";"Eğitim Harcaması";"2024";"2402,6203900686";"";"";"";"";"";""
"İlkokul";"Eğitim harcaması (Milyon TL)";"Yıllık";"Türkiye";"Eğitim Harcaması";"2011";"16707,711786";"";"";"";"";"";""
"İlkokul";"Eğitim harcaması (Milyon TL)";"Yıllık";"Türkiye";"Eğitim Harcaması";"2012";"18867,637654";"";"";"";"";"";""
"İlkokul";"Eğitim harcaması (Milyon TL)";"Yıllık";"Türkiye";"Eğitim Harcaması";"2013";"20065,908614";"";"";"";"";"";""
"İlkokul";"Eğitim harcaması (Milyon TL)";"Yıllık";"Türkiye";"Eğitim Harcaması";"2014";"23339,694816";"";"";"";"";"";""
"İlkokul";"Eğitim harcaması (Milyon TL)";"Yıllık";"Türkiye";"Eğitim Harcaması";"2015";"25405,673908";"";"";"";"";"";""
"İlkokul";"Eğitim harcaması (Milyon TL)";"Yıllık";"Türkiye";"Eğitim Harcaması";"2016";"28488,436351";"";"";"";"";"";""
"İlkokul";"Eğitim harcaması (Milyon TL)";"Yıllık";"Türkiye";"Eğitim Harcaması";"2017";"30601,319754";"";"";"";"";"";""
"İlkokul";"Eğitim harcaması (Milyon TL)";"Yıllık";"Türkiye";"Eğitim Harcaması";"2018";"35754,472799";"";"";"";"";"";""
"İlkokul";"Eğitim harcaması (Milyon TL)";"Yıllık";"Türkiye";"Eğitim Harcaması";"2019";"44881,181584";"";"";"";"";"";""
"İlkokul";"Eğitim harcaması (Milyon TL)";"Yıllık";"Türkiye";"Eğitim Harcaması";"2020";"46826,2796086493";"";"";"";"";"";""
"İlkokul";"Eğitim harcaması (Milyon TL)";"Yıllık";"Türkiye";"Eğitim Harcaması";"2021";"62904,5418853422";"";"";"";"";"";""
"İlkokul";"Eğitim harcaması (Milyon TL)";"Yıllık";"Türkiye";"Eğitim Harcaması";"2022";"103629,777523";"";"";"";"";"";""
"İlkokul";"Eğitim harcaması (Milyon TL)";"Yıllık";"Türkiye";"Eğitim Harcaması";"2023";"216569,385842";"";"";"";"";"";""
"İlkokul";"Eğitim harcaması (Milyon TL)";"Yıllık";"Türkiye";"Eğitim Harcaması";"2024";"431070,532987";"";"";"";"";"";""
"İlkokul";"Öğrenci başına yapılan harcama (TL)";"Yıllık";"Türkiye";"Eğitim Harcaması";"2011";"2594,99539732941";"";"";"";"";"";""
"İlkokul";"Öğrenci başına yapılan harcama (TL)";"Yıllık";"Türkiye";"Eğitim Harcaması";"2012";"3180,80360867987";"";"";"";"";"";""
"İlkokul";"Öğrenci başına yapılan harcama (TL)";"Yıllık";"Türkiye";"Eğitim Harcaması";"2013";"3594,42180561817";"";"";"";"";"";""
"İlkokul";"Öğrenci başına yapılan harcama (TL)";"Yıllık";"Türkiye";"Eğitim Harcaması";"2014";"4250,95713645955";"";"";"";"";"";""
"İlkokul";"Öğrenci başına yapılan harcama (TL)";"Yıllık";"Türkiye";"Eğitim Harcaması";"2015";"4713,41156789123";"";"";"";"";"";""
"İlkokul";"Öğrenci başına yapılan harcama (TL)";"Yıllık";"Türkiye";"Eğitim Harcaması";"2016";"5555,74986165443";"";"";"";"";"";""
"İlkokul";"Öğrenci başına yapılan harcama (TL)";"Yıllık";"Türkiye";"Eğitim Harcaması";"2017";"6057,59042414646";"";"";"";"";"";""
"İlkokul";"Öğrenci başına yapılan harcama (TL)";"Yıllık";"Türkiye";"Eğitim Harcaması";"2018";"6872,86464203371";"";"";"";"";"";""
"İlkokul";"Öğrenci başına yapılan harcama (TL)";"Yıllık";"Türkiye";"Eğitim Harcaması";"2019";"8508,41280988964";"";"";"";"";"";""
"İlkokul";"Öğrenci başına yapılan harcama (TL)";"Yıllık";"Türkiye";"Eğitim Harcaması";"2020";"8820,14851662799";"";"";"";"";"";""
"İlkokul";"Öğrenci başına yapılan harcama (TL)";"Yıllık";"Türkiye";"Eğitim Harcaması";"2021";"11666,9282204364";"";"";"";"";"";""
"İlkokul";"Öğrenci başına yapılan harcama (TL)";"Yıllık";"Türkiye";"Eğitim Harcaması";"2022";"18859,3374891422";"";"";"";"";"";""
"İlkokul";"Öğrenci başına yapılan harcama (TL)";"Yıllık";"Türkiye";"Eğitim Harcaması";"2023";"38667,2769036238";"";"";"";"";"";""
"İlkokul";"Öğrenci başına yapılan harcama (TL)";"Yıllık";"Türkiye";"Eğitim Harcaması";"2024";"75886,7648038863";"";"";"";"";"";""
"İlkokul";"Öğrenci başına yapılan harcama ($)";"Yıllık";"Türkiye";"Eğitim Harcaması";"2011";"1546,43016931968";"";"";"";"";"";""
"İlkokul";"Öğrenci başına yapılan harcama ($)";"Yıllık";"Türkiye";"Eğitim Harcaması";"2012";"1765,99473016213";"";"";"";"";"";""
"İlkokul";"Öğrenci başına yapılan harcama ($)";"Yıllık";"Türkiye";"Eğitim Harcaması";"2013";"1886,40701766978";"";"";"";"";"";""
"İlkokul";"Öğrenci başına yapılan harcama ($)";"Yıllık";"Türkiye";"Eğitim Harcaması";"2014";"1939,48151795604";"";"";"";"";"";""
"İlkokul";"Öğrenci başına yapılan harcama ($)";"Yıllık";"Türkiye";"Eğitim Harcaması";"2015";"1729,74525771683";"";"";"";"";"";""
"İlkokul";"Öğrenci başına yapılan harcama ($)";"Yıllık";"Türkiye";"Eğitim Harcaması";"2016";"1835,58841560406";"";"";"";"";"";""
"İlkokul";"Öğrenci başına yapılan harcama ($)";"Yıllık";"Türkiye";"Eğitim Harcaması";"2017";"1657,68139399902";"";"";"";"";"";""
"İlkokul";"Öğrenci başına yapılan harcama ($)";"Yıllık";"Türkiye";"Eğitim Harcaması";"2018";"1425,27890041768";"";"";"";"";"";""
"İlkokul";"Öğrenci başına yapılan harcama ($)";"Yıllık";"Türkiye";"Eğitim Harcaması";"2019";"1497,68414711111";"";"";"";"";"";""
"İlkokul";"Öğrenci başına yapılan harcama ($)";"Yıllık";"Türkiye";"Eğitim Harcaması";"2020";"1256,13368230072";"";"";"";"";"";""
"İlkokul";"Öğrenci başına yapılan harcama ($)";"Yıllık";"Türkiye";"Eğitim Harcaması";"2021";"1310,68913040711";"";"";"";"";"";""
"İlkokul";"Öğrenci başına yapılan harcama ($)";"Yıllık";"Türkiye";"Eğitim Harcaması";"2022";"1136,54228244364";"";"";"";"";"";""
"İlkokul";"Öğrenci başına yapılan harcama ($)";"Yıllık";"Türkiye";"Eğitim Harcaması";"2023";"1625,59074872507";"";"";"";"";"";""
"İlkokul";"Öğrenci başına yapılan harcama ($)";"Yıllık";"Türkiye";"Eğitim Harcaması";"2024";"2310,01345410793";"";"";"";"";"";""
"Ortaokul";"Eğitim harcaması (Milyon TL)";"Yıllık";"Türkiye";"Eğitim Harcaması";"2011";"12343,437508";"";"";"";"";"";""
"Ortaokul";"Eğitim harcaması (Milyon TL)";"Yıllık";"Türkiye";"Eğitim Harcaması";"2012";"16312,751424";"";"";"";"";"";""
"Ortaokul";"Eğitim harcaması (Milyon TL)";"Yıllık";"Türkiye";"Eğitim Harcaması";"2013";"19136,756816";"";"";"";"";"";""
"Ortaokul";"Eğitim harcaması (Milyon TL)";"Yıllık";"Türkiye";"Eğitim Harcaması";"2014";"22216,455593";"";"";"";"";"";""
"Ortaokul";"Eğitim harcaması (Milyon TL)";"Yıllık";"Türkiye";"Eğitim Harcaması";"2015";"23930,220448";"";"";"";"";"";""
"Ortaokul";"Eğitim harcaması (Milyon TL)";"Yıllık";"Türkiye";"Eğitim Harcaması";"2016";"29887,688075";"";"";"";"";"";""
"Ortaokul";"Eğitim harcaması (Milyon TL)";"Yıllık";"Türkiye";"Eğitim Harcaması";"2017";"32500,107455";"";"";"";"";"";""
"Ortaokul";"Eğitim harcaması (Milyon TL)";"Yıllık";"Türkiye";"Eğitim Harcaması";"2018";"40034,361445";"";"";"";"";"";""
"Ortaokul";"Eğitim harcaması (Milyon TL)";"Yıllık";"Türkiye";"Eğitim Harcaması";"2019";"49280,241721";"";"";"";"";"";""
"Ortaokul";"Eğitim harcaması (Milyon TL)";"Yıllık";"Türkiye";"Eğitim Harcaması";"2020";"48498,3089482262";"";"";"";"";"";""
"Ortaokul";"Eğitim harcaması (Milyon TL)";"Yıllık";"Türkiye";"Eğitim Harcaması";"2021";"65988,9296115725";"";"";"";"";"";""
"Ortaokul";"Eğitim harcaması (Milyon TL)";"Yıllık";"Türkiye";"Eğitim Harcaması";"2022";"108431,07569";"";"";"";"";"";""
"Ortaokul";"Eğitim harcaması (Milyon TL)";"Yıllık";"Türkiye";"Eğitim Harcaması";"2023";"219391,515771";"";"";"";"";"";""
"Ortaokul";"Eğitim harcaması (Milyon TL)";"Yıllık";"Türkiye";"Eğitim Harcaması";"2024";"436503,589932";"";"";"";"";"";""
"Ortaokul";"Öğrenci başına yapılan harcama (TL)";"Yıllık";"Türkiye";"Eğitim Harcaması";"2011";"2718,30092019912";"";"";"";"";"";""
"Ortaokul";"Öğrenci başına yapılan harcama (TL)";"Yıllık";"Türkiye";"Eğitim Harcaması";"2012";"3163,50867372711";"";"";"";"";"";""
"Ortaokul";"Öğrenci başına yapılan harcama (TL)";"Yıllık";"Türkiye";"Eğitim Harcaması";"2013";"3470,68074775848";"";"";"";"";"";""
"Ortaokul";"Öğrenci başına yapılan harcama (TL)";"Yıllık";"Türkiye";"Eğitim Harcaması";"2014";"4146,2350999598";"";"";"";"";"";""
"Ortaokul";"Öğrenci başına yapılan harcama (TL)";"Yıllık";"Türkiye";"Eğitim Harcaması";"2015";"4568,4520096651";"";"";"";"";"";""
"Ortaokul";"Öğrenci başına yapılan harcama (TL)";"Yıllık";"Türkiye";"Eğitim Harcaması";"2016";"5517,13145064672";"";"";"";"";"";""
"Ortaokul";"Öğrenci başına yapılan harcama (TL)";"Yıllık";"Türkiye";"Eğitim Harcaması";"2017";"5828,73076543142";"";"";"";"";"";""
"Ortaokul";"Öğrenci başına yapılan harcama (TL)";"Yıllık";"Türkiye";"Eğitim Harcaması";"2018";"7133,32705515704";"";"";"";"";"";""
"Ortaokul";"Öğrenci başına yapılan harcama (TL)";"Yıllık";"Türkiye";"Eğitim Harcaması";"2019";"8688,69076547625";"";"";"";"";"";""
"Ortaokul";"Öğrenci başına yapılan harcama (TL)";"Yıllık";"Türkiye";"Eğitim Harcaması";"2020";"8967,20770981662";"";"";"";"";"";""
"Ortaokul";"Öğrenci başına yapılan harcama (TL)";"Yıllık";"Türkiye";"Eğitim Harcaması";"2021";"12542,9729931426";"";"";"";"";"";""
"Ortaokul";"Öğrenci başına yapılan harcama (TL)";"Yıllık";"Türkiye";"Eğitim Harcaması";"2022";"19962,6517624234";"";"";"";"";"";""
"Ortaokul";"Öğrenci başına yapılan harcama (TL)";"Yıllık";"Türkiye";"Eğitim Harcaması";"2023";"40639,1635038271";"";"";"";"";"";""
"Ortaokul";"Öğrenci başına yapılan harcama (TL)";"Yıllık";"Türkiye";"Eğitim Harcaması";"2024";"83380,7106209227";"";"";"";"";"";""
"Ortaokul";"Öğrenci başına yapılan harcama ($)";"Yıllık";"Türkiye";"Eğitim Harcaması";"2011";"1619,9113711768";"";"";"";"";"";""
"Ortaokul";"Öğrenci başına yapılan harcama ($)";"Yıllık";"Türkiye";"Eğitim Harcaması";"2012";"1756,39251394806";"";"";"";"";"";""
"Ortaokul";"Öğrenci başına yapılan harcama ($)";"Yıllık";"Türkiye";"Eğitim Harcaması";"2013";"1821,46583587649";"";"";"";"";"";""
"Ortaokul";"Öğrenci başına yapılan harcama ($)";"Yıllık";"Türkiye";"Eğitim Harcaması";"2014";"1891,70252423908";"";"";"";"";"";""
"Ortaokul";"Öğrenci başına yapılan harcama ($)";"Yıllık";"Türkiye";"Eğitim Harcaması";"2015";"1676,54746143048";"";"";"";"";"";""
"Ortaokul";"Öğrenci başına yapılan harcama ($)";"Yıllık";"Türkiye";"Eğitim Harcaması";"2016";"1822,82911044455";"";"";"";"";"";""
"Ortaokul";"Öğrenci başına yapılan harcama ($)";"Yıllık";"Türkiye";"Eğitim Harcaması";"2017";"1595,05312573964";"";"";"";"";"";""
"Ortaokul";"Öğrenci başına yapılan harcama ($)";"Yıllık";"Türkiye";"Eğitim Harcaması";"2018";"1479,29299804826";"";"";"";"";"";""
"Ortaokul";"Öğrenci başına yapılan harcama ($)";"Yıllık";"Türkiye";"Eğitim Harcaması";"2019";"1529,41737893571";"";"";"";"";"";""
"Ortaokul";"Öğrenci başına yapılan harcama ($)";"Yıllık";"Türkiye";"Eğitim Harcaması";"2020";"1277,07732123241";"";"";"";"";"";""
"Ortaokul";"Öğrenci başına yapılan harcama ($)";"Yıllık";"Türkiye";"Eğitim Harcaması";"2021";"1409,10598355315";"";"";"";"";"";""
"Ortaokul";"Öğrenci başına yapılan harcama ($)";"Yıllık";"Türkiye";"Eğitim Harcaması";"2022";"1203,03259914378";"";"";"";"";"";""
"Ortaokul";"Öğrenci başına yapılan harcama ($)";"Yıllık";"Türkiye";"Eğitim Harcaması";"2023";"1708,48980114128";"";"";"";"";"";""
"Ortaokul";"Öğrenci başına yapılan harcama ($)";"Yıllık";"Türkiye";"Eğitim Harcaması";"2024";"2538,13117274367";"";"";"";"";"";""
"Ortaöğretim toplam";"Eğitim harcaması (Milyon TL)";"Yıllık";"Türkiye";"Eğitim Harcaması";"2011";"17341,168847";"";"";"";"";"";""
"Ortaöğretim toplam";"Eğitim harcaması (Milyon TL)";"Yıllık";"Türkiye";"Eğitim Harcaması";"2012";"21292,764721";"";"";"";"";"";""
"Ortaöğretim toplam";"Eğitim harcaması (Milyon TL)";"Yıllık";"Türkiye";"Eğitim Harcaması";"2013";"25669,704295";"";"";"";"";"";""
"Ortaöğretim toplam";"Eğitim harcaması (Milyon TL)";"Yıllık";"Türkiye";"Eğitim Harcaması";"2014";"29317,550414";"";"";"";"";"";""
"Ortaöğretim toplam";"Eğitim harcaması (Milyon TL)";"Yıllık";"Türkiye";"Eğitim Harcaması";"2015";"33268,040825";"";"";"";"";"";""
"Ortaöğretim toplam";"Eğitim harcaması (Milyon TL)";"Yıllık";"Türkiye";"Eğitim Harcaması";"2016";"40216,451237";"";"";"";"";"";""
"Ortaöğretim toplam";"Eğitim harcaması (Milyon TL)";"Yıllık";"Türkiye";"Eğitim Harcaması";"2017";"47081,657642";"";"";"";"";"";""
"Ortaöğretim toplam";"Eğitim harcaması (Milyon TL)";"Yıllık";"Türkiye";"Eğitim Harcaması";"2018";"58824,91557";"";"";"";"";"";""
"Ortaöğretim toplam";"Eğitim harcaması (Milyon TL)";"Yıllık";"Türkiye";"Eğitim Harcaması";"2019";"67777,348408";"";"";"";"";"";""
"Ortaöğretim toplam";"Eğitim harcaması (Milyon TL)";"Yıllık";"Türkiye";"Eğitim Harcaması";"2020";"70614,6779759069";"";"";"";"";"";""
"Ortaöğretim toplam";"Eğitim harcaması (Milyon TL)";"Yıllık";"Türkiye";"Eğitim Harcaması";"2021";"84939,1409034526";"";"";"";"";"";""
"Ortaöğretim toplam";"Eğitim harcaması (Milyon TL)";"Yıllık";"Türkiye";"Eğitim Harcaması";"2022";"136382,615439";"";"";"";"";"";""
"Ortaöğretim toplam";"Eğitim harcaması (Milyon TL)";"Yıllık";"Türkiye";"Eğitim Harcaması";"2023";"261948,416901";"";"";"";"";"";""
"Ortaöğretim toplam";"Eğitim harcaması (Milyon TL)";"Yıllık";"Türkiye";"Eğitim Harcaması";"2024";"496869,76736";"";"";"";"";"";""
"Ortaöğretim toplam";"Öğrenci başına yapılan harcama (TL)";"Yıllık";"Türkiye";"Eğitim Harcaması";"2011";"3645,94745711255";"";"";"";"";"";""
"Ortaöğretim toplam";"Öğrenci başına yapılan harcama (TL)";"Yıllık";"Türkiye";"Eğitim Harcaması";"2012";"4345,56133770562";"";"";"";"";"";""
"Ortaöğretim toplam";"Öğrenci başına yapılan harcama (TL)";"Yıllık";"Türkiye";"Eğitim Harcaması";"2013";"4889,13595478097";"";"";"";"";"";""
"Ortaöğretim toplam";"Öğrenci başına yapılan harcama (TL)";"Yıllık";"Türkiye";"Eğitim Harcaması";"2014";"5251,48726305834";"";"";"";"";"";""
"Ortaöğretim toplam";"Öğrenci başına yapılan harcama (TL)";"Yıllık";"Türkiye";"Eğitim Harcaması";"2015";"5774,68474648092";"";"";"";"";"";""
"Ortaöğretim toplam";"Öğrenci başına yapılan harcama (TL)";"Yıllık";"Türkiye";"Eğitim Harcaması";"2016";"6894,5964287365";"";"";"";"";"";""
"Ortaöğretim toplam";"Öğrenci başına yapılan harcama (TL)";"Yıllık";"Türkiye";"Eğitim Harcaması";"2017";"8182,92824606707";"";"";"";"";"";""
"Ortaöğretim toplam";"Öğrenci başına yapılan harcama (TL)";"Yıllık";"Türkiye";"Eğitim Harcaması";"2018";"10382,9552826081";"";"";"";"";"";""
"Ortaöğretim toplam";"Öğrenci başına yapılan harcama (TL)";"Yıllık";"Türkiye";"Eğitim Harcaması";"2019";"12021,0354727002";"";"";"";"";"";""
"Ortaöğretim toplam";"Öğrenci başına yapılan harcama (TL)";"Yıllık";"Türkiye";"Eğitim Harcaması";"2020";"11684,5518939281";"";"";"";"";"";""
"Ortaöğretim toplam";"Öğrenci başına yapılan harcama (TL)";"Yıllık";"Türkiye";"Eğitim Harcaması";"2021";"13962,8278775976";"";"";"";"";"";""
"Ortaöğretim toplam";"Öğrenci başına yapılan harcama (TL)";"Yıllık";"Türkiye";"Eğitim Harcaması";"2022";"21163,1724782549";"";"";"";"";"";""
"Ortaöğretim toplam";"Öğrenci başına yapılan harcama (TL)";"Yıllık";"Türkiye";"Eğitim Harcaması";"2023";"44558,3895680789";"";"";"";"";"";""
"Ortaöğretim toplam";"Öğrenci başına yapılan harcama (TL)";"Yıllık";"Türkiye";"Eğitim Harcaması";"2024";"99105,8483667643";"";"";"";"";"";""
"Ortaöğretim toplam";"Öğrenci başına yapılan harcama ($)";"Yıllık";"Türkiye";"Eğitim Harcaması";"2011";"2172,72182803702";"";"";"";"";"";""
"Ortaöğretim toplam";"Öğrenci başına yapılan harcama ($)";"Yıllık";"Türkiye";"Eğitim Harcaması";"2012";"2412,67282300698";"";"";"";"";"";""
"Ortaöğretim toplam";"Öğrenci başına yapılan harcama ($)";"Yıllık";"Türkiye";"Eğitim Harcaması";"2013";"2565,89261756225";"";"";"";"";"";""
"Ortaöğretim toplam";"Öğrenci başına yapılan harcama ($)";"Yıllık";"Türkiye";"Eğitim Harcaması";"2014";"2395,96922799508";"";"";"";"";"";""
"Ortaöğretim toplam";"Öğrenci başına yapılan harcama ($)";"Yıllık";"Türkiye";"Eğitim Harcaması";"2015";"2119,21522471759";"";"";"";"";"";""
"Ortaöğretim toplam";"Öğrenci başına yapılan harcama ($)";"Yıllık";"Türkiye";"Eğitim Harcaması";"2016";"2277,93576924739";"";"";"";"";"";""
"Ortaöğretim toplam";"Öğrenci başına yapılan harcama ($)";"Yıllık";"Türkiye";"Eğitim Harcaması";"2017";"2239,28772864266";"";"";"";"";"";""
"Ortaöğretim toplam";"Öğrenci başına yapılan harcama ($)";"Yıllık";"Türkiye";"Eğitim Harcaması";"2018";"2153,19344393529";"";"";"";"";"";""
"Ortaöğretim toplam";"Öğrenci başına yapılan harcama ($)";"Yıllık";"Türkiye";"Eğitim Harcaması";"2019";"2115,98974586624";"";"";"";"";"";""
"Ortaöğretim toplam";"Öğrenci başına yapılan harcama ($)";"Yıllık";"Türkiye";"Eğitim Harcaması";"2020";"1664,07166147867";"";"";"";"";"";""
"Ortaöğretim toplam";"Öğrenci başına yapılan harcama ($)";"Yıllık";"Türkiye";"Eğitim Harcaması";"2021";"1568,61569584835";"";"";"";"";"";""
"Ortaöğretim toplam";"Öğrenci başına yapılan harcama ($)";"Yıllık";"Türkiye";"Eğitim Harcaması";"2022";"1275,38098122653";"";"";"";"";"";""
"Ortaöğretim toplam";"Öğrenci başına yapılan harcama ($)";"Yıllık";"Türkiye";"Eğitim Harcaması";"2023";"1873,25593267129";"";"";"";"";"";""
"Ortaöğretim toplam";"Öğrenci başına yapılan harcama ($)";"Yıllık";"Türkiye";"Eğitim Harcaması";"2024";"3016,8085791988";"";"";"";"";"";""
"Mesleki ve teknik ortaöğretim";"Eğitim harcaması (Milyon TL)";"Yıllık";"Türkiye";"Eğitim Harcaması";"2011";"7663,988954";"";"";"";"";"";""
"Mesleki ve teknik ortaöğretim";"Eğitim harcaması (Milyon TL)";"Yıllık";"Türkiye";"Eğitim Harcaması";"2012";"9723,226412";"";"";"";"";"";""
"Mesleki ve teknik ortaöğretim";"Eğitim harcaması (Milyon TL)";"Yıllık";"Türkiye";"Eğitim Harcaması";"2013";"12184,200772";"";"";"";"";"";""
"Mesleki ve teknik ortaöğretim";"Eğitim harcaması (Milyon TL)";"Yıllık";"Türkiye";"Eğitim Harcaması";"2014";"14534,782999";"";"";"";"";"";""
"Mesleki ve teknik ortaöğretim";"Eğitim harcaması (Milyon TL)";"Yıllık";"Türkiye";"Eğitim Harcaması";"2015";"16427,883339";"";"";"";"";"";""
"Mesleki ve teknik ortaöğretim";"Eğitim harcaması (Milyon TL)";"Yıllık";"Türkiye";"Eğitim Harcaması";"2016";"20112,101248";"";"";"";"";"";""
"Mesleki ve teknik ortaöğretim";"Eğitim harcaması (Milyon TL)";"Yıllık";"Türkiye";"Eğitim Harcaması";"2017";"23629,160175";"";"";"";"";"";""
"Mesleki ve teknik ortaöğretim";"Eğitim harcaması (Milyon TL)";"Yıllık";"Türkiye";"Eğitim Harcaması";"2018";"28904,585437";"";"";"";"";"";""
"Mesleki ve teknik ortaöğretim";"Eğitim harcaması (Milyon TL)";"Yıllık";"Türkiye";"Eğitim Harcaması";"2019";"32915,867241";"";"";"";"";"";""
"Mesleki ve teknik ortaöğretim";"Eğitim harcaması (Milyon TL)";"Yıllık";"Türkiye";"Eğitim Harcaması";"2020";"34541,3793952246";"";"";"";"";"";""
"Mesleki ve teknik ortaöğretim";"Eğitim harcaması (Milyon TL)";"Yıllık";"Türkiye";"Eğitim Harcaması";"2021";"39373,9021975932";"";"";"";"";"";""
"Mesleki ve teknik ortaöğretim";"Eğitim harcaması (Milyon TL)";"Yıllık";"Türkiye";"Eğitim Harcaması";"2022";"63865,398499";"";"";"";"";"";""
"Mesleki ve teknik ortaöğretim";"Eğitim harcaması (Milyon TL)";"Yıllık";"Türkiye";"Eğitim Harcaması";"2023";"122193,906676";"";"";"";"";"";""
"Mesleki ve teknik ortaöğretim";"Eğitim harcaması (Milyon TL)";"Yıllık";"Türkiye";"Eğitim Harcaması";"2024";"226335,229335";"";"";"";"";"";""
"Mesleki ve teknik ortaöğretim";"Öğrenci başına yapılan harcama (TL)";"Yıllık";"Türkiye";"Eğitim Harcaması";"2011";"3666,59440345992";"";"";"";"";"";""
"Mesleki ve teknik ortaöğretim";"Öğrenci başına yapılan harcama (TL)";"Yıllık";"Türkiye";"Eğitim Harcaması";"2012";"4423,91422892966";"";"";"";"";"";""
"Mesleki ve teknik ortaöğretim";"Öğrenci başına yapılan harcama (TL)";"Yıllık";"Türkiye";"Eğitim Harcaması";"2013";"5042,7274597232";"";"";"";"";"";""
"Mesleki ve teknik ortaöğretim";"Öğrenci başına yapılan harcama (TL)";"Yıllık";"Türkiye";"Eğitim Harcaması";"2014";"5426,61564128172";"";"";"";"";"";""
"Mesleki ve teknik ortaöğretim";"Öğrenci başına yapılan harcama (TL)";"Yıllık";"Türkiye";"Eğitim Harcaması";"2015";"5927,79589466548";"";"";"";"";"";""
"Mesleki ve teknik ortaöğretim";"Öğrenci başına yapılan harcama (TL)";"Yıllık";"Türkiye";"Eğitim Harcaması";"2016";"7361,20805190299";"";"";"";"";"";""
"Mesleki ve teknik ortaöğretim";"Öğrenci başına yapılan harcama (TL)";"Yıllık";"Türkiye";"Eğitim Harcaması";"2017";"8902,27612315642";"";"";"";"";"";""
"Mesleki ve teknik ortaöğretim";"Öğrenci başına yapılan harcama (TL)";"Yıllık";"Türkiye";"Eğitim Harcaması";"2018";"11629,4243893509";"";"";"";"";"";""
"Mesleki ve teknik ortaöğretim";"Öğrenci başına yapılan harcama (TL)";"Yıllık";"Türkiye";"Eğitim Harcaması";"2019";"14370,2471124052";"";"";"";"";"";""
"Mesleki ve teknik ortaöğretim";"Öğrenci başına yapılan harcama (TL)";"Yıllık";"Türkiye";"Eğitim Harcaması";"2020";"14847,907614121";"";"";"";"";"";""
"Mesleki ve teknik ortaöğretim";"Öğrenci başına yapılan harcama (TL)";"Yıllık";"Türkiye";"Eğitim Harcaması";"2021";"19116,905990749";"";"";"";"";"";""
"Mesleki ve teknik ortaöğretim";"Öğrenci başına yapılan harcama (TL)";"Yıllık";"Türkiye";"Eğitim Harcaması";"2022";"29778,9847982414";"";"";"";"";"";""
"Mesleki ve teknik ortaöğretim";"Öğrenci başına yapılan harcama (TL)";"Yıllık";"Türkiye";"Eğitim Harcaması";"2023";"61502,6494145985";"";"";"";"";"";""
"Mesleki ve teknik ortaöğretim";"Öğrenci başına yapılan harcama (TL)";"Yıllık";"Türkiye";"Eğitim Harcaması";"2024";"132668,878448385";"";"";"";"";"";""
"Mesleki ve teknik ortaöğretim";"Öğrenci başına yapılan harcama ($)";"Yıllık";"Türkiye";"Eğitim Harcaması";"2011";"2185,02591950816";"";"";"";"";"";""
"Mesleki ve teknik ortaöğretim";"Öğrenci başına yapılan harcama ($)";"Yıllık";"Türkiye";"Eğitim Harcaması";"2012";"2456,17465776881";"";"";"";"";"";""
"Mesleki ve teknik ortaöğretim";"Öğrenci başına yapılan harcama ($)";"Yıllık";"Türkiye";"Eğitim Harcaması";"2013";"2646,49976620703";"";"";"";"";"";""
"Mesleki ve teknik ortaöğretim";"Öğrenci başına yapılan harcama ($)";"Yıllık";"Türkiye";"Eğitim Harcaması";"2014";"2475,87082237267";"";"";"";"";"";""
"Mesleki ve teknik ortaöğretim";"Öğrenci başına yapılan harcama ($)";"Yıllık";"Türkiye";"Eğitim Harcaması";"2015";"2175,40452171851";"";"";"";"";"";""
"Mesleki ve teknik ortaöğretim";"Öğrenci başına yapılan harcama ($)";"Yıllık";"Türkiye";"Eğitim Harcaması";"2016";"2432,10161749448";"";"";"";"";"";""
"Mesleki ve teknik ortaöğretim";"Öğrenci başına yapılan harcama ($)";"Yıllık";"Türkiye";"Eğitim Harcaması";"2017";"2436,13986095429";"";"";"";"";"";""
"Mesleki ve teknik ortaöğretim";"Öğrenci başına yapılan harcama ($)";"Yıllık";"Türkiye";"Eğitim Harcaması";"2018";"2411,68334740257";"";"";"";"";"";""
"Mesleki ve teknik ortaöğretim";"Öğrenci başına yapılan harcama ($)";"Yıllık";"Türkiye";"Eğitim Harcaması";"2019";"2529,5071796825";"";"";"";"";"";""
"Mesleki ve teknik ortaöğretim";"Öğrenci başına yapılan harcama ($)";"Yıllık";"Türkiye";"Eğitim Harcaması";"2020";"2114,58535314064";"";"";"";"";"";""
"Mesleki ve teknik ortaöğretim";"Öğrenci başına yapılan harcama ($)";"Yıllık";"Türkiye";"Eğitim Harcaması";"2021";"2147,63650000002";"";"";"";"";"";""
"Mesleki ve teknik ortaöğretim";"Öğrenci başına yapılan harcama ($)";"Yıllık";"Türkiye";"Eğitim Harcaması";"2022";"1794,6057421653";"";"";"";"";"";""
"Mesleki ve teknik ortaöğretim";"Öğrenci başına yapılan harcama ($)";"Yıllık";"Türkiye";"Eğitim Harcaması";"2023";"2585,60069175916";"";"";"";"";"";""
"Mesleki ve teknik ortaöğretim";"Öğrenci başına yapılan harcama ($)";"Yıllık";"Türkiye";"Eğitim Harcaması";"2024";"4038,47620792873";"";"";"";"";"";""
"Genel ortaöğretim";"Eğitim harcaması (Milyon TL)";"Yıllık";"Türkiye";"Eğitim Harcaması";"2011";"9677,179893";"";"";"";"";"";""
"Genel ortaöğretim";"Eğitim harcaması (Milyon TL)";"Yıllık";"Türkiye";"Eğitim Harcaması";"2012";"11569,538309";"";"";"";"";"";""
"Genel ortaöğretim";"Eğitim harcaması (Milyon TL)";"Yıllık";"Türkiye";"Eğitim Harcaması";"2013";"13485,503523";"";"";"";"";"";""
"Genel ortaöğretim";"Eğitim harcaması (Milyon TL)";"Yıllık";"Türkiye";"Eğitim Harcaması";"2014";"14782,767415";"";"";"";"";"";""
"Genel ortaöğretim";"Eğitim harcaması (Milyon TL)";"Yıllık";"Türkiye";"Eğitim Harcaması";"2015";"16840,157486";"";"";"";"";"";""
"Genel ortaöğretim";"Eğitim harcaması (Milyon TL)";"Yıllık";"Türkiye";"Eğitim Harcaması";"2016";"20104,34999";"";"";"";"";"";""
"Genel ortaöğretim";"Eğitim harcaması (Milyon TL)";"Yıllık";"Türkiye";"Eğitim Harcaması";"2017";"23452,497467";"";"";"";"";"";""
"Genel ortaöğretim";"Eğitim harcaması (Milyon TL)";"Yıllık";"Türkiye";"Eğitim Harcaması";"2018";"29920,330133";"";"";"";"";"";""
"Genel ortaöğretim";"Eğitim harcaması (Milyon TL)";"Yıllık";"Türkiye";"Eğitim Harcaması";"2019";"34861,481167";"";"";"";"";"";""
"Genel ortaöğretim";"Eğitim harcaması (Milyon TL)";"Yıllık";"Türkiye";"Eğitim Harcaması";"2020";"36073,2985806823";"";"";"";"";"";""
"Genel ortaöğretim";"Eğitim harcaması (Milyon TL)";"Yıllık";"Türkiye";"Eğitim Harcaması";"2021";"45565,2387058594";"";"";"";"";"";""
"Genel ortaöğretim";"Eğitim harcaması (Milyon TL)";"Yıllık";"Türkiye";"Eğitim Harcaması";"2022";"72517,21694";"";"";"";"";"";""
"Genel ortaöğretim";"Eğitim harcaması (Milyon TL)";"Yıllık";"Türkiye";"Eğitim Harcaması";"2023";"139754,510225";"";"";"";"";"";""
"Genel ortaöğretim";"Eğitim harcaması (Milyon TL)";"Yıllık";"Türkiye";"Eğitim Harcaması";"2024";"270534,538025";"";"";"";"";"";""
"Genel ortaöğretim";"Öğrenci başına yapılan harcama (TL)";"Yıllık";"Türkiye";"Eğitim Harcaması";"2011";"3629,76006332927";"";"";"";"";"";""
"Genel ortaöğretim";"Öğrenci başına yapılan harcama (TL)";"Yıllık";"Türkiye";"Eğitim Harcaması";"2012";"4281,82724036214";"";"";"";"";"";""
"Genel ortaöğretim";"Öğrenci başına yapılan harcama (TL)";"Yıllık";"Türkiye";"Eğitim Harcaması";"2013";"4758,19549536205";"";"";"";"";"";""
"Genel ortaöğretim";"Öğrenci başına yapılan harcama (TL)";"Yıllık";"Türkiye";"Eğitim Harcaması";"2014";"5089,97845358905";"";"";"";"";"";""
"Genel ortaöğretim";"Öğrenci başına yapılan harcama (TL)";"Yıllık";"Türkiye";"Eğitim Harcaması";"2015";"5632,75612594966";"";"";"";"";"";""
"Genel ortaöğretim";"Öğrenci başına yapılan harcama (TL)";"Yıllık";"Türkiye";"Eğitim Harcaması";"2016";"6483,46467624584";"";"";"";"";"";""
"Genel ortaöğretim";"Öğrenci başına yapılan harcama (TL)";"Yıllık";"Türkiye";"Eğitim Harcaması";"2017";"7566,88102922628";"";"";"";"";"";""
"Genel ortaöğretim";"Öğrenci başına yapılan harcama (TL)";"Yıllık";"Türkiye";"Eğitim Harcaması";"2018";"9408,73960789133";"";"";"";"";"";""
"Genel ortaöğretim";"Öğrenci başına yapılan harcama (TL)";"Yıllık";"Türkiye";"Eğitim Harcaması";"2019";"10413,648997572";"";"";"";"";"";""
"Genel ortaöğretim";"Öğrenci başına yapılan harcama (TL)";"Yıllık";"Türkiye";"Eğitim Harcaması";"2020";"9704,75298420967";"";"";"";"";"";""
"Genel ortaöğretim";"Öğrenci başına yapılan harcama (TL)";"Yıllık";"Türkiye";"Eğitim Harcaması";"2021";"11324,5075389434";"";"";"";"";"";""
"Genel ortaöğretim";"Öğrenci başına yapılan harcama (TL)";"Yıllık";"Türkiye";"Eğitim Harcaması";"2022";"16865,6833850177";"";"";"";"";"";""
"Genel ortaöğretim";"Öğrenci başına yapılan harcama (TL)";"Yıllık";"Türkiye";"Eğitim Harcaması";"2023";"35908,5128987952";"";"";"";"";"";""
"Genel ortaöğretim";"Öğrenci başına yapılan harcama (TL)";"Yıllık";"Türkiye";"Eğitim Harcaması";"2024";"81794,0147319878";"";"";"";"";"";""
"Genel ortaöğretim";"Öğrenci başına yapılan harcama ($)";"Yıllık";"Türkiye";"Eğitim Harcaması";"2011";"2163,07530838043";"";"";"";"";"";""
"Genel ortaöğretim";"Öğrenci başına yapılan harcama ($)";"Yıllık";"Türkiye";"Eğitim Harcaması";"2012";"2377,28740036312";"";"";"";"";"";""
"Genel ortaöğretim";"Öğrenci başına yapılan harcama ($)";"Yıllık";"Türkiye";"Eğitim Harcaması";"2013";"2497,17308076257";"";"";"";"";"";""
"Genel ortaöğretim";"Öğrenci başına yapılan harcama ($)";"Yıllık";"Türkiye";"Eğitim Harcaması";"2014";"2322,28150523116";"";"";"";"";"";""
"Genel ortaöğretim";"Öğrenci başına yapılan harcama ($)";"Yıllık";"Türkiye";"Eğitim Harcaması";"2015";"2067,12973318728";"";"";"";"";"";""
"Genel ortaöğretim";"Öğrenci başına yapılan harcama ($)";"Yıllık";"Türkiye";"Eğitim Harcaması";"2016";"2142,10015732261";"";"";"";"";"";""
"Genel ortaöğretim";"Öğrenci başına yapılan harcama ($)";"Yıllık";"Türkiye";"Eğitim Harcaması";"2017";"2070,70419332948";"";"";"";"";"";""
"Genel ortaöğretim";"Öğrenci başına yapılan harcama ($)";"Yıllık";"Türkiye";"Eğitim Harcaması";"2018";"1951,1628325454";"";"";"";"";"";""
"Genel ortaöğretim";"Öğrenci başına yapılan harcama ($)";"Yıllık";"Türkiye";"Eğitim Harcaması";"2019";"1833,05128297429";"";"";"";"";"";""
"Genel ortaöğretim";"Öğrenci başına yapılan harcama ($)";"Yıllık";"Türkiye";"Eğitim Harcaması";"2020";"1382,11585427302";"";"";"";"";"";""
"Genel ortaöğretim";"Öğrenci başına yapılan harcama ($)";"Yıllık";"Türkiye";"Eğitim Harcaması";"2021";"1272,22081580196";"";"";"";"";"";""
"Genel ortaöğretim";"Öğrenci başına yapılan harcama ($)";"Yıllık";"Türkiye";"Eğitim Harcaması";"2022";"1016,39637661799";"";"";"";"";"";""
"Genel ortaöğretim";"Öğrenci başına yapılan harcama ($)";"Yıllık";"Türkiye";"Eğitim Harcaması";"2023";"1509,61099521559";"";"";"";"";"";""
"Genel ortaöğretim";"Öğrenci başına yapılan harcama ($)";"Yıllık";"Türkiye";"Eğitim Harcaması";"2024";"2489,8317247373";"";"";"";"";"";""
"Yükseköğretim";"Eğitim harcaması (Milyon TL)";"Yıllık";"Türkiye";"Eğitim Harcaması";"2011";"22730,562417";"";"";"";"";"";""
"Yükseköğretim";"Eğitim harcaması (Milyon TL)";"Yıllık";"Türkiye";"Eğitim Harcaması";"2012";"27618,652107";"";"";"";"";"";""
"Yükseköğretim";"Eğitim harcaması (Milyon TL)";"Yıllık";"Türkiye";"Eğitim Harcaması";"2013";"30656,418947";"";"";"";"";"";""
"Yükseköğretim";"Eğitim harcaması (Milyon TL)";"Yıllık";"Türkiye";"Eğitim Harcaması";"2014";"35257,586165";"";"";"";"";"";""
"Yükseköğretim";"Eğitim harcaması (Milyon TL)";"Yıllık";"Türkiye";"Eğitim Harcaması";"2015";"40337,725555";"";"";"";"";"";""
"Yükseköğretim";"Eğitim harcaması (Milyon TL)";"Yıllık";"Türkiye";"Eğitim Harcaması";"2016";"47765,910989";"";"";"";"";"";""
"Yükseköğretim";"Eğitim harcaması (Milyon TL)";"Yıllık";"Türkiye";"Eğitim Harcaması";"2017";"54500,629441";"";"";"";"";"";""
"Yükseköğretim";"Eğitim harcaması (Milyon TL)";"Yıllık";"Türkiye";"Eğitim Harcaması";"2018";"69913,822795";"";"";"";"";"";""
"Yükseköğretim";"Eğitim harcaması (Milyon TL)";"Yıllık";"Türkiye";"Eğitim Harcaması";"2019";"74491,191812";"";"";"";"";"";""
"Yükseköğretim";"Eğitim harcaması (Milyon TL)";"Yıllık";"Türkiye";"Eğitim Harcaması";"2020";"87663,1531763432";"";"";"";"";"";""
"Yükseköğretim";"Eğitim harcaması (Milyon TL)";"Yıllık";"Türkiye";"Eğitim Harcaması";"2021";"115573,097282038";"";"";"";"";"";""
"Yükseköğretim";"Eğitim harcaması (Milyon TL)";"Yıllık";"Türkiye";"Eğitim Harcaması";"2022";"201235,190836";"";"";"";"";"";""
"Yükseköğretim";"Eğitim harcaması (Milyon TL)";"Yıllık";"Türkiye";"Eğitim Harcaması";"2023";"354687,486682";"";"";"";"";"";""
"Yükseköğretim";"Eğitim harcaması (Milyon TL)";"Yıllık";"Türkiye";"Eğitim Harcaması";"2024";"691732,666121";"";"";"";"";"";""
"Yükseköğretim";"Öğrenci başına yapılan harcama (TL)";"Yıllık";"Türkiye";"Eğitim Harcaması";"2011";"9541,9844977023";"";"";"";"";"";""
"Yükseköğretim";"Öğrenci başına yapılan harcama (TL)";"Yıllık";"Türkiye";"Eğitim Harcaması";"2012";"10737,9576819063";"";"";"";"";"";""
"Yükseköğretim";"Öğrenci başına yapılan harcama (TL)";"Yıllık";"Türkiye";"Eğitim Harcaması";"2013";"10894,8390694763";"";"";"";"";"";""
"Yükseköğretim";"Öğrenci başına yapılan harcama (TL)";"Yıllık";"Türkiye";"Eğitim Harcaması";"2014";"11329,0110159843";"";"";"";"";"";""
"Yükseköğretim";"Öğrenci başına yapılan harcama (TL)";"Yıllık";"Türkiye";"Eğitim Harcaması";"2015";"11622,1177611646";"";"";"";"";"";""
"Yükseköğretim";"Öğrenci başına yapılan harcama (TL)";"Yıllık";"Türkiye";"Eğitim Harcaması";"2016";"12636,8975951171";"";"";"";"";"";""
"Yükseköğretim";"Öğrenci başına yapılan harcama (TL)";"Yıllık";"Türkiye";"Eğitim Harcaması";"2017";"13827,8424174443";"";"";"";"";"";""
"Yükseköğretim";"Öğrenci başına yapılan harcama (TL)";"Yıllık";"Türkiye";"Eğitim Harcaması";"2018";"17901,8129888514";"";"";"";"";"";""
"Yükseköğretim";"Öğrenci başına yapılan harcama (TL)";"Yıllık";"Türkiye";"Eğitim Harcaması";"2019";"19409,4159701423";"";"";"";"";"";""
"Yükseköğretim";"Öğrenci başına yapılan harcama (TL)";"Yıllık";"Türkiye";"Eğitim Harcaması";"2020";"22719,1852591802";"";"";"";"";"";""
"Yükseköğretim";"Öğrenci başına yapılan harcama (TL)";"Yıllık";"Türkiye";"Eğitim Harcaması";"2021";"29952,9823818461";"";"";"";"";"";""
"Yükseköğretim";"Öğrenci başına yapılan harcama (TL)";"Yıllık";"Türkiye";"Eğitim Harcaması";"2022";"50235,895377628";"";"";"";"";"";""
"Yükseköğretim";"Öğrenci başına yapılan harcama (TL)";"Yıllık";"Türkiye";"Eğitim Harcaması";"2023";"84759,3868494673";"";"";"";"";"";""
"Yükseköğretim";"Öğrenci başına yapılan harcama (TL)";"Yıllık";"Türkiye";"Eğitim Harcaması";"2024";"165466,791931257";"";"";"";"";"";""
"Yükseköğretim";"Öğrenci başına yapılan harcama ($)";"Yıllık";"Türkiye";"Eğitim Harcaması";"2011";"5686,33482649465";"";"";"";"";"";""
"Yükseköğretim";"Öğrenci başına yapılan harcama ($)";"Yıllık";"Türkiye";"Eğitim Harcaması";"2012";"5961,75652819407";"";"";"";"";"";""
"Yükseköğretim";"Öğrenci başına yapılan harcama ($)";"Yıllık";"Türkiye";"Eğitim Harcaması";"2013";"5717,77659620236";"";"";"";"";"";""
"Yükseköğretim";"Öğrenci başına yapılan harcama ($)";"Yıllık";"Türkiye";"Eğitim Harcaması";"2014";"5168,8141698182";"";"";"";"";"";""
"Yükseköğretim";"Öğrenci başına yapılan harcama ($)";"Yıllık";"Türkiye";"Eğitim Harcaması";"2015";"4265,12787870023";"";"";"";"";"";""
"Yükseköğretim";"Öğrenci başına yapılan harcama ($)";"Yıllık";"Türkiye";"Eğitim Harcaması";"2016";"4175,15968364068";"";"";"";"";"";""
"Yükseköğretim";"Öğrenci başına yapılan harcama ($)";"Yıllık";"Türkiye";"Eğitim Harcaması";"2017";"3784,0387826778";"";"";"";"";"";""
"Yükseköğretim";"Öğrenci başına yapılan harcama ($)";"Yıllık";"Türkiye";"Eğitim Harcaması";"2018";"3712,43690384728";"";"";"";"";"";""
"Yükseköğretim";"Öğrenci başına yapılan harcama ($)";"Yıllık";"Türkiye";"Eğitim Harcaması";"2019";"3416,52141858693";"";"";"";"";"";""
"Yükseköğretim";"Öğrenci başına yapılan harcama ($)";"Yıllık";"Türkiye";"Eğitim Harcaması";"2020";"3235,58427442406";"";"";"";"";"";""
"Yükseköğretim";"Öğrenci başına yapılan harcama ($)";"Yıllık";"Türkiye";"Eğitim Harcaması";"2021";"3364,98585483652";"";"";"";"";"";""
"Yükseköğretim";"Öğrenci başına yapılan harcama ($)";"Yıllık";"Türkiye";"Eğitim Harcaması";"2022";"3027,42443768031";"";"";"";"";"";""
"Yükseköğretim";"Öğrenci başına yapılan harcama ($)";"Yıllık";"Türkiye";"Eğitim Harcaması";"2023";"3563,325017004";"";"";"";"";"";""
"Yükseköğretim";"Öğrenci başına yapılan harcama ($)";"Yıllık";"Türkiye";"Eğitim Harcaması";"2024";"5036,8534823836";"";"";"";"";"";""
